Starting month,Cultivation Time,Min-Temp ,Max-Temp ,Rainfall Requirement,Humidity  ,Irrigation,City,Soil,Crops
6,3,24,28,956,69,0,Swabi,1,Rice
6,3,25,26,1200,85,0,Swabi,1,Rice
6,3,26,31,1540,82,0,Swabi,3,Rice
6,3,24,26,1345,79,0,Swabi,3,Rice
6,3,23,27,1111,67,0,Swabi,3,Rice
6,3,19,27,965,89,0,Swabi,1,Rice
6,3,20,29,899,79,0,Swabi,1,Rice
6,3,22,37,946,69,0,Swabi,1,Rice
6,3,24,28,1005,85,0,Swabi,3,Rice
6,3,23,32,1124,81,0,Swabi,3,Rice
6,3,21,31,1216,76,0,Swabi,3,Rice
6,3,24,28,1345,89,0,Swabi,1,Rice
6,3,25,29,1150,84,0,Swabi,1,Rice
6,3,26,29,1452,76,0,Swabi,3,Rice
6,3,24,31,1564,84,0,Swabi,3,Rice
6,3,23,32,957,85,0,Swabi,3,Rice
6,3,19,27,913,76,0,Swabi,1,Rice
6,3,20,28,1045,64,0,Swabi,1,Rice
6,3,22,28,1354,91,0,Swabi,1,Rice
6,3,24,31,1548,90,0,Swabi,3,Rice
6,3,23,30,1124,85,0,Swabi,3,Rice
6,3,21,31,1345,84,0,Swabi,3,Rice
6,3,24,28,1048,85,0,Swabi,1,Rice
6,3,23,32,1345,81,0,Swabi,1,Rice
6,3,21,31,1114,76,0,Swabi,3,Rice
6,3,24,28,989,89,0,Swabi,3,Rice
6,3,25,29,1678,84,0,Swabi,3,Rice
6,3,26,29,1345,76,0,Swabi,1,Rice
6,3,24,31,1248,84,0,Swabi,1,Rice
6,3,23,32,1154,85,0,Swabi,1,Rice
6,3,19,27,968,76,0,Swabi,3,Rice
6,3,20,28,1345,64,0,Swabi,3,Rice
6,3,22,28,1000,91,0,Swabi,3,Rice
6,3,24,31,1467,90,0,Swabi,1,Rice
6,3,23,30,1258,85,0,Swabi,1,Rice
6,3,21,31,1345,84,0,Swabi,3,Rice
6,3,24,28,956,69,1,Swabi,3,Rice
6,3,25,26,1200,85,1,Swabi,3,Rice
6,3,26,31,1540,82,1,Swabi,1,Rice
6,3,24,26,1345,79,1,Swabi,1,Rice
6,3,23,27,1111,67,1,Swabi,1,Rice
6,3,19,27,965,89,1,Swabi,3,Rice
6,3,20,29,899,79,1,Swabi,3,Rice
6,3,22,37,946,69,1,Swabi,3,Rice
6,3,24,28,1005,85,1,Swabi,1,Rice
6,3,23,32,1124,81,1,Swabi,1,Rice
6,3,21,31,1216,76,1,Swabi,3,Rice
6,3,24,28,1345,89,1,Swabi,3,Rice
6,3,25,29,1150,84,1,Swabi,3,Rice
6,3,26,29,1452,76,1,Swabi,1,Rice
6,3,24,31,1564,84,1,Swabi,1,Rice
6,3,23,32,957,85,1,Swabi,1,Rice
6,3,19,27,913,76,1,Swabi,3,Rice
6,3,20,28,1045,64,1,Swabi,3,Rice
6,3,22,28,1354,91,1,Swabi,3,Rice
6,3,24,31,1548,90,1,Swabi,1,Rice
6,3,23,30,1124,85,1,Swabi,1,Rice
6,3,21,31,1345,84,1,Swabi,3,Rice
6,3,24,28,1048,85,1,Swabi,3,Rice
6,3,23,32,1345,81,1,Swabi,3,Rice
6,3,21,31,1114,76,1,Swabi,1,Rice
6,3,24,28,989,89,1,Swabi,1,Rice
6,3,25,29,1678,84,1,Swabi,1,Rice
6,3,26,29,1345,76,1,Swabi,3,Rice
6,3,24,31,1248,84,1,Swabi,3,Rice
6,3,23,32,1154,85,1,Swabi,3,Rice
6,3,19,27,968,76,1,Swabi,1,Rice
6,3,20,28,1345,64,1,Swabi,1,Rice
6,3,22,28,1000,91,1,Swabi,3,Rice
6,3,24,31,1467,90,1,Swabi,3,Rice
6,3,23,30,1258,85,1,Swabi,3,Rice
6,3,21,31,1345,84,1,Swabi,1,Rice
6,18,24,28,460,72,0,Swabi,1,Sugarcane
6,18,23,29,578,64,0,Swabi,2,Sugarcane
6,18,21,30,358,53,0,Swabi,3,Sugarcane
6,18,22,31,795,84,0,Swabi,1,Sugarcane
6,18,24,34,346,72,0,Swabi,2,Sugarcane
6,18,25,32,468,46,0,Swabi,3,Sugarcane
6,18,24,31,449,74,0,Swabi,1,Sugarcane
6,18,24,29,567,68,0,Swabi,2,Sugarcane
6,18,23,28,845,52,0,Swabi,3,Sugarcane
6,18,22,34,345,74,0,Swabi,1,Sugarcane
6,18,21,31,265,84,0,Swabi,2,Sugarcane
6,18,24,30,845,67,0,Swabi,3,Sugarcane
6,18,25,31,457,80,0,Swabi,1,Sugarcane
6,18,23,30,865,71,0,Swabi,2,Sugarcane
6,18,22,39,578,68,0,Swabi,3,Sugarcane
6,18,23,30,356,46,0,Swabi,1,Sugarcane
6,18,21,34,687,75,0,Swabi,2,Sugarcane
6,18,23,35,753,85,0,Swabi,3,Sugarcane
6,18,24,32,234,68,0,Swabi,1,Sugarcane
6,18,25,33,425,74,0,Swabi,2,Sugarcane
6,18,23,31,289,72,0,Swabi,3,Sugarcane
6,18,22,29,754,59,0,Swabi,1,Sugarcane
6,18,24,30,689,64,0,Swabi,2,Sugarcane
6,18,21,34,479,81,0,Swabi,3,Sugarcane
6,18,22,34,348,74,0,Swabi,1,Sugarcane
6,18,23,31,467,64,0,Swabi,2,Sugarcane
6,18,24,29,845,59,0,Swabi,3,Sugarcane
6,18,24,28,523,75,0,Swabi,1,Sugarcane
6,18,24,30,685,60,0,Swabi,2,Sugarcane
6,18,23,29,348,51,0,Swabi,3,Sugarcane
6,18,25,34,567,49,0,Swabi,1,Sugarcane
6,18,21,32,846,40,0,Swabi,2,Sugarcane
6,18,23,31,234,39,0,Swabi,3,Sugarcane
6,18,24,29,546,72,0,Swabi,1,Sugarcane
6,18,22,28,876,80,0,Swabi,2,Sugarcane
6,18,25,30,356,59,0,Swabi,3,Sugarcane
6,18,25,29,467,87,0,Swabi,1,Sugarcane
6,18,24,30,598,64,0,Swabi,2,Sugarcane
6,18,24,31,498,48,0,Swabi,3,Sugarcane
6,18,23,34,675,71,0,Swabi,1,Sugarcane
6,18,24,28,460,72,1,Swabi,2,Sugarcane
6,18,23,29,578,64,1,Swabi,3,Sugarcane
6,18,21,30,358,53,1,Swabi,1,Sugarcane
6,18,22,31,795,84,1,Swabi,2,Sugarcane
6,18,24,34,346,72,1,Swabi,3,Sugarcane
6,18,25,32,468,46,1,Swabi,1,Sugarcane
6,18,24,31,449,74,1,Swabi,2,Sugarcane
6,18,24,29,567,68,1,Swabi,3,Sugarcane
6,18,23,28,845,52,1,Swabi,1,Sugarcane
6,18,22,34,345,74,1,Swabi,2,Sugarcane
6,18,21,31,265,84,1,Swabi,3,Sugarcane
6,18,24,30,845,67,1,Swabi,1,Sugarcane
6,18,25,31,457,80,1,Swabi,2,Sugarcane
6,18,23,30,865,71,1,Swabi,3,Sugarcane
6,18,22,39,578,68,1,Swabi,1,Sugarcane
6,18,23,30,356,46,1,Swabi,2,Sugarcane
6,18,21,34,687,75,1,Swabi,3,Sugarcane
6,18,23,35,753,85,1,Swabi,1,Sugarcane
6,18,24,32,234,68,1,Swabi,2,Sugarcane
6,18,25,33,425,74,1,Swabi,3,Sugarcane
6,18,23,31,289,72,1,Swabi,1,Sugarcane
6,18,22,29,754,59,1,Swabi,2,Sugarcane
6,18,24,30,689,64,1,Swabi,3,Sugarcane
6,18,21,34,479,81,1,Swabi,1,Sugarcane
6,18,22,34,348,74,1,Swabi,2,Sugarcane
6,18,23,31,467,64,1,Swabi,3,Sugarcane
6,18,24,29,845,59,1,Swabi,1,Sugarcane
6,18,24,28,523,75,1,Swabi,2,Sugarcane
6,18,24,30,685,60,1,Swabi,3,Sugarcane
6,18,23,29,348,51,1,Swabi,1,Sugarcane
6,18,25,34,567,49,1,Swabi,2,Sugarcane
6,18,21,32,846,40,1,Swabi,3,Sugarcane
6,18,23,31,234,39,1,Swabi,1,Sugarcane
6,18,24,29,546,72,1,Swabi,2,Sugarcane
6,18,22,28,876,80,1,Swabi,3,Sugarcane
6,18,25,30,356,59,1,Swabi,1,Sugarcane
6,18,25,29,467,87,1,Swabi,2,Sugarcane
6,18,24,30,598,64,1,Swabi,3,Sugarcane
6,18,24,31,498,48,1,Swabi,1,Sugarcane
6,18,23,34,675,71,1,Swabi,2,Sugarcane
6,4,24,28,1018,82,0,Swabi,3,Ragi
6,4,23,32,950,79,0,Swabi,3,Ragi
6,4,25,29,1154,78,0,Swabi,3,Ragi
6,4,26,33,1256,85,0,Swabi,3,Ragi
6,4,23,28,1345,88,0,Swabi,3,Ragi
6,4,25,31,985,79,0,Swabi,3,Ragi
6,4,22,28,845,82,0,Swabi,3,Ragi
6,4,25,34,1000,86,0,Swabi,3,Ragi
6,4,25,30,856,85,0,Swabi,3,Ragi
6,4,24,28,1145,82,0,Swabi,3,Ragi
6,4,24,28,1020,82,0,Swabi,3,Ragi
6,4,23,32,865,79,0,Swabi,3,Ragi
6,4,25,29,789,78,0,Swabi,3,Ragi
6,4,26,33,945,85,0,Swabi,3,Ragi
6,4,23,28,1245,88,0,Swabi,3,Ragi
6,4,25,31,1124,79,0,Swabi,3,Ragi
6,4,22,28,1354,82,0,Swabi,3,Ragi
6,4,25,34,945,86,0,Swabi,3,Ragi
6,4,25,30,1344,85,0,Swabi,3,Ragi
6,4,24,28,1054,82,0,Swabi,3,Ragi
6,4,24,28,948,82,0,Swabi,3,Ragi
6,4,23,32,1320,79,0,Swabi,3,Ragi
6,4,25,29,1124,78,0,Swabi,3,Ragi
6,4,26,33,956,85,0,Swabi,3,Ragi
6,4,23,28,847,88,0,Swabi,3,Ragi
6,4,25,31,1023,79,0,Swabi,3,Ragi
6,4,22,28,1124,82,0,Swabi,3,Ragi
6,4,25,34,1345,86,0,Swabi,3,Ragi
6,4,25,30,865,85,0,Swabi,3,Ragi
6,4,24,28,1018,82,0,Swabi,3,Ragi
6,4,24,28,1134,82,0,Swabi,3,Ragi
6,4,23,32,1345,79,0,Swabi,3,Ragi
6,4,25,29,846,78,0,Swabi,3,Ragi
6,4,26,33,756,85,0,Swabi,3,Ragi
6,4,23,28,948,88,0,Swabi,3,Ragi
6,4,25,31,1018,79,0,Swabi,3,Ragi
6,4,22,28,1015,82,0,Swabi,3,Ragi
6,4,25,34,998,86,0,Swabi,3,Ragi
6,4,25,30,1345,85,0,Swabi,3,Ragi
6,4,24,28,1168,82,0,Swabi,3,Ragi
6,4,24,28,1018,82,1,Swabi,3,Ragi
6,4,23,32,950,79,1,Swabi,3,Ragi
6,4,25,29,1154,78,1,Swabi,3,Ragi
6,4,26,33,1256,85,1,Swabi,3,Ragi
6,4,23,28,1345,88,1,Swabi,3,Ragi
6,4,25,31,985,79,1,Swabi,3,Ragi
6,4,22,28,845,82,1,Swabi,3,Ragi
6,4,25,34,1000,86,1,Swabi,3,Ragi
6,4,25,30,856,85,1,Swabi,3,Ragi
6,4,24,28,1145,82,1,Swabi,3,Ragi
6,4,24,28,1020,82,1,Swabi,3,Ragi
6,4,23,32,865,79,1,Swabi,3,Ragi
6,4,25,29,789,78,1,Swabi,3,Ragi
6,4,26,33,945,85,1,Swabi,3,Ragi
6,4,23,28,1245,88,1,Swabi,3,Ragi
6,4,25,31,1124,79,1,Swabi,3,Ragi
6,4,22,28,1354,82,1,Swabi,3,Ragi
6,4,25,34,945,86,1,Swabi,3,Ragi
6,4,25,30,1344,85,1,Swabi,3,Ragi
6,4,24,28,1054,82,1,Swabi,3,Ragi
6,4,24,28,948,82,1,Swabi,3,Ragi
6,4,23,32,1320,79,1,Swabi,3,Ragi
6,4,25,29,1124,78,1,Swabi,3,Ragi
6,4,26,33,956,85,1,Swabi,3,Ragi
6,4,23,28,847,88,1,Swabi,3,Ragi
6,4,25,31,1023,79,1,Swabi,3,Ragi
6,4,22,28,1124,82,1,Swabi,3,Ragi
6,4,25,34,1345,86,1,Swabi,3,Ragi
6,4,25,30,865,85,1,Swabi,3,Ragi
6,4,24,28,1018,82,1,Swabi,3,Ragi
6,4,24,28,1134,82,1,Swabi,3,Ragi
6,4,23,32,1345,79,1,Swabi,3,Ragi
6,4,25,29,846,78,1,Swabi,3,Ragi
6,4,26,33,756,85,1,Swabi,3,Ragi
6,4,23,28,948,88,1,Swabi,3,Ragi
6,4,25,31,1018,79,1,Swabi,3,Ragi
6,4,22,28,1015,82,1,Swabi,3,Ragi
6,4,25,34,998,86,1,Swabi,3,Ragi
6,4,25,30,1345,85,1,Swabi,3,Ragi
6,4,24,28,1168,82,1,Swabi,3,Ragi
5,9,24,31,52,32,1,Faisalabad,2,Cotton
5,9,20,30,67,62,1,Faisalabad,3,Cotton
5,9,23,30,75,43,1,Faisalabad,2,Cotton
5,9,25,29,98,56,1,Faisalabad,3,Cotton
5,9,20,32,46,34,1,Faisalabad,2,Cotton
5,9,22,30,32,27,1,Faisalabad,3,Cotton
5,9,21,30,40,39,1,Faisalabad,2,Cotton
5,9,24,31,50,32,1,Faisalabad,3,Cotton
5,9,20,30,61,32,1,Faisalabad,2,Cotton
5,9,21,30,71,43,1,Faisalabad,3,Cotton
5,9,24,29,81,56,1,Faisalabad,2,Cotton
5,9,20,33,31,34,1,Faisalabad,3,Cotton
5,9,22,30,41,47,1,Faisalabad,2,Cotton
5,9,21,30,39,39,1,Faisalabad,3,Cotton
5,9,24,31,45,32,1,Faisalabad,2,Cotton
5,9,20,30,115,62,1,Faisalabad,3,Cotton
5,9,23,30,98,43,1,Faisalabad,2,Cotton
5,9,25,29,67,56,1,Faisalabad,3,Cotton
5,9,20,32,84,34,1,Faisalabad,2,Cotton
5,9,22,30,169,27,1,Faisalabad,3,Cotton
5,9,21,30,67,39,1,Faisalabad,2,Cotton
5,9,24,31,101,32,1,Faisalabad,3,Cotton
5,9,20,30,46,32,1,Faisalabad,2,Cotton
5,9,21,30,51,43,1,Faisalabad,3,Cotton
5,9,24,29,67,56,1,Faisalabad,2,Cotton
5,9,20,33,84,34,1,Faisalabad,3,Cotton
5,9,22,30,32,47,1,Faisalabad,2,Cotton
5,9,21,30,35,39,1,Faisalabad,3,Cotton
5,9,24,31,47,32,1,Faisalabad,2,Cotton
5,9,20,30,52,62,1,Faisalabad,3,Cotton
5,9,23,30,78,43,1,Faisalabad,2,Cotton
5,9,25,29,34,56,1,Faisalabad,3,Cotton
5,9,20,32,104,34,1,Faisalabad,2,Cotton
5,9,22,30,57,27,1,Faisalabad,3,Cotton
5,9,21,30,68,39,1,Faisalabad,2,Cotton
5,9,24,31,38,32,1,Faisalabad,3,Cotton
5,9,20,30,34,32,1,Faisalabad,2,Cotton
5,9,21,30,48,43,1,Faisalabad,3,Cotton
5,9,24,29,65,56,1,Faisalabad,2,Cotton
5,9,20,33,75,34,1,Faisalabad,3,Cotton
5,9,22,30,84,47,1,Faisalabad,2,Cotton
5,9,21,30,91,39,1,Faisalabad,3,Cotton
5,9,24,31,54,32,1,Faisalabad,2,Cotton
5,9,20,30,41,62,1,Faisalabad,3,Cotton
5,9,23,30,38,43,1,Faisalabad,2,Cotton
5,9,25,29,52,56,1,Faisalabad,3,Cotton
5,9,20,32,110,34,1,Faisalabad,2,Cotton
5,9,22,30,164,27,1,Faisalabad,3,Cotton
5,9,21,30,53,39,1,Faisalabad,2,Cotton
5,9,24,31,94,32,1,Faisalabad,3,Cotton
5,9,20,30,76,32,1,Faisalabad,2,Cotton
5,9,21,30,35,43,1,Faisalabad,3,Cotton
5,9,24,29,49,56,1,Faisalabad,2,Cotton
5,9,20,33,68,34,1,Faisalabad,3,Cotton
5,9,22,30,154,47,1,Faisalabad,2,Cotton
5,9,21,30,198,39,1,Faisalabad,2,Cotton
6,5,25,32,85,60,1,Faisalabad,1,Jowar
6,5,26,33,67,54,1,Faisalabad,2,Jowar
6,5,24,31,140,46,1,Faisalabad,3,Jowar
6,5,23,30,84,37,1,Faisalabad,1,Jowar
6,5,21,32,65,74,1,Faisalabad,2,Jowar
6,5,18,34,71,85,1,Faisalabad,3,Jowar
6,5,19,35,59,76,1,Faisalabad,1,Jowar
6,5,20,32,105,52,1,Faisalabad,2,Jowar
6,5,24,33,94,48,1,Faisalabad,3,Jowar
6,5,25,31,64,66,1,Faisalabad,1,Jowar
6,5,26,34,37,76,1,Faisalabad,2,Jowar
6,5,21,35,111,34,1,Faisalabad,3,Jowar
6,5,23,35,46,42,1,Faisalabad,1,Jowar
6,5,22,34,78,55,1,Faisalabad,2,Jowar
6,5,25,33,59,67,1,Faisalabad,3,Jowar
6,5,26,36,100,75,1,Faisalabad,1,Jowar
6,5,25,32,124,51,1,Faisalabad,2,Jowar
6,5,26,34,111,47,1,Faisalabad,3,Jowar
6,5,24,35,95,74,1,Faisalabad,1,Jowar
6,5,23,34,84,35,1,Faisalabad,2,Jowar
6,5,21,31,67,81,1,Faisalabad,3,Jowar
6,5,23,30,54,56,1,Faisalabad,1,Jowar
6,5,21,35,82,47,1,Faisalabad,2,Jowar
6,5,20,32,154,52,1,Faisalabad,3,Jowar
6,5,25,33,134,68,1,Faisalabad,1,Jowar
6,5,19,36,57,82,1,Faisalabad,2,Jowar
6,5,18,29,68,71,1,Faisalabad,3,Jowar
6,5,21,34,95,64,1,Faisalabad,1,Jowar
6,5,22,32,82,55,1,Faisalabad,2,Jowar
6,5,23,31,104,40,1,Faisalabad,3,Jowar
6,5,24,36,76,39,1,Faisalabad,1,Jowar
6,5,21,34,56,76,1,Faisalabad,2,Jowar
6,5,22,33,94,66,1,Faisalabad,3,Jowar
6,5,24,31,53,58,1,Faisalabad,1,Jowar
6,5,25,29,64,49,1,Faisalabad,2,Jowar
6,5,22,34,113,54,1,Faisalabad,3,Jowar
6,5,21,34,134,65,1,Faisalabad,1,Jowar
6,5,23,33,124,87,1,Faisalabad,2,Jowar
6,5,24,31,101,78,1,Faisalabad,3,Jowar
6,5,21,30,85,56,1,Faisalabad,1,Jowar
6,5,20,35,67,23,1,Faisalabad,2,Jowar
6,5,19,32,48,35,1,Faisalabad,3,Jowar
6,5,24,34,57,34,1,Faisalabad,1,Jowar
6,5,21,32,69,67,1,Faisalabad,2,Jowar
6,5,22,29,84,51,1,Faisalabad,3,Jowar
6,5,19,34,104,65,1,Faisalabad,1,Jowar
6,5,18,32,124,74,1,Faisalabad,2,Jowar
6,5,20,29,68,45,1,Faisalabad,3,Jowar
6,5,23,31,82,35,1,Faisalabad,1,Jowar
6,5,21,34,67,75,1,Faisalabad,2,Jowar
6,5,22,29,74,65,1,Faisalabad,3,Jowar
6,5,24,34,104,45,1,Faisalabad,1,Jowar
6,5,25,37,86,55,1,Faisalabad,2,Jowar
6,5,19,34,52,82,1,Faisalabad,3,Jowar
6,5,18,31,84,60,1,Faisalabad,1,Jowar
6,5,24,33,124,59,1,Faisalabad,2,Jowar
10,8,23,33,15,33,1,Attock,1,Wheat
10,8,20,31,23,23,1,Attock,1,Wheat
10,8,22,30,26,45,1,Attock,3,Wheat
10,8,18,29,45,56,1,Attock,3,Wheat
10,8,19,34,37,74,1,Attock,3,Wheat
10,8,20,31,15,65,1,Attock,1,Wheat
10,8,21,32,33,23,1,Attock,1,Wheat
10,8,22,33,26,54,1,Attock,1,Wheat
10,8,23,34,44,77,1,Attock,3,Wheat
10,8,24,29,24,21,1,Attock,3,Wheat
10,8,25,30,20,34,1,Attock,3,Wheat
10,8,22,35,19,51,1,Attock,1,Wheat
10,8,20,34,26,62,1,Attock,1,Wheat
10,8,19,29,35,34,1,Attock,3,Wheat
10,8,18,32,23,47,1,Attock,3,Wheat
10,8,20,34,15,52,1,Attock,3,Wheat
10,8,21,29,23,67,1,Attock,1,Wheat
10,8,22,35,26,45,1,Attock,1,Wheat
10,8,24,31,45,33,1,Attock,1,Wheat
10,8,25,30,37,21,1,Attock,3,Wheat
10,8,23,31,15,67,1,Attock,3,Wheat
10,8,24,34,33,77,1,Attock,3,Wheat
10,8,22,29,26,40,1,Attock,1,Wheat
10,8,20,35,44,35,1,Attock,1,Wheat
10,8,22,36,24,29,1,Attock,3,Wheat
10,8,21,34,20,84,1,Attock,3,Wheat
10,8,24,30,19,67,1,Attock,3,Wheat
10,8,23,29,26,37,1,Attock,1,Wheat
10,8,21,35,35,48,1,Attock,1,Wheat
10,8,25,33,23,32,1,Attock,3,Wheat
10,8,24,31,15,23,1,Attock,3,Wheat
10,8,23,30,19,45,1,Attock,3,Wheat
10,8,21,29,24,67,1,Attock,1,Wheat
10,8,20,28,26,74,1,Attock,1,Wheat
10,8,21,34,31,24,1,Attock,1,Wheat
10,8,22,35,45,51,1,Attock,3,Wheat
10,8,23,36,28,34,1,Attock,3,Wheat
10,8,24,37,37,62,1,Attock,3,Wheat
10,8,19,31,56,55,1,Attock,1,Wheat
10,8,18,30,34,74,1,Attock,1,Wheat
10,8,16,31,58,51,1,Attock,3,Wheat
10,8,20,34,67,64,1,Attock,3,Wheat
10,8,23,35,29,35,1,Attock,3,Wheat
10,8,21,28,46,23,1,Attock,1,Wheat
10,8,22,29,79,61,1,Attock,1,Wheat
10,8,24,31,81,40,1,Attock,1,Wheat
10,8,25,35,91,37,1,Attock,3,Wheat
10,8,19,36,100,61,1,Attock,3,Wheat
10,8,21,34,21,43,1,Attock,3,Wheat
10,8,23,32,34,25,1,Attock,1,Wheat
10,8,24,31,45,67,1,Attock,1,Wheat
10,8,25,35,56,53,1,Attock,3,Wheat
10,8,21,33,67,24,1,Attock,3,Wheat
10,8,20,36,84,65,1,Attock,3,Wheat
10,8,18,37,94,75,1,Attock,1,Wheat
10,8,19,39,111,57,1,Attock,1,Wheat
10,8,20,28,22,38,1,Attock,1,Wheat
10,8,18,34,24,51,1,Attock,3,Wheat
10,8,19,30,16,38,1,Attock,3,Wheat
10,8,24,33,23,65,1,Attock,3,Wheat
6,5,25,29,778,78,0,Attock,1,Jowar
6,5,24,33,874,65,0,Attock,2,Jowar
6,5,23,33,679,64,0,Attock,3,Jowar
6,5,25,31,945,62,0,Attock,1,Jowar
6,5,24,32,1024,68,0,Attock,2,Jowar
6,5,25,32,1124,57,0,Attock,3,Jowar
6,5,25,29,684,75,0,Attock,1,Jowar
6,5,24,33,875,65,0,Attock,2,Jowar
6,5,23,33,945,64,0,Attock,3,Jowar
6,5,25,31,678,72,0,Attock,1,Jowar
6,5,24,32,768,68,0,Attock,2,Jowar
6,5,25,32,945,58,0,Attock,3,Jowar
6,5,25,29,1245,55,0,Attock,1,Jowar
6,5,24,33,648,65,0,Attock,2,Jowar
6,5,23,33,788,41,0,Attock,3,Jowar
6,5,25,31,801,62,0,Attock,1,Jowar
6,5,24,32,945,68,0,Attock,2,Jowar
6,5,25,32,1110,45,0,Attock,3,Jowar
6,5,25,29,1068,75,0,Attock,1,Jowar
6,5,24,33,945,65,0,Attock,2,Jowar
6,5,23,33,678,57,0,Attock,3,Jowar
6,5,25,31,801,72,0,Attock,1,Jowar
6,5,24,32,796,68,0,Attock,2,Jowar
6,5,25,32,648,58,0,Attock,3,Jowar
6,5,25,29,574,65,0,Attock,1,Jowar
6,5,24,33,1347,65,0,Attock,2,Jowar
6,5,23,33,1045,64,0,Attock,3,Jowar
6,5,25,31,946,55,0,Attock,1,Jowar
6,5,24,32,678,68,0,Attock,2,Jowar
6,5,25,32,724,72,0,Attock,3,Jowar
6,5,25,29,486,48,0,Attock,1,Jowar
6,5,24,33,675,65,0,Attock,2,Jowar
6,5,23,33,852,64,0,Attock,3,Jowar
6,5,25,31,798,72,0,Attock,1,Jowar
6,5,24,32,835,68,0,Attock,2,Jowar
6,5,25,32,915,58,0,Attock,3,Jowar
6,5,25,29,700,78,0,Attock,1,Jowar
6,5,24,33,1000,65,0,Attock,2,Jowar
6,5,23,33,914,64,0,Attock,3,Jowar
6,5,25,31,647,62,0,Attock,1,Jowar
6,5,24,32,796,68,0,Attock,2,Jowar
6,5,25,32,847,72,0,Attock,3,Jowar
6,5,25,29,914,57,0,Attock,1,Jowar
6,5,24,33,1045,65,0,Attock,2,Jowar
6,5,23,33,1145,64,0,Attock,3,Jowar
6,5,25,31,1000,72,0,Attock,1,Jowar
6,5,24,32,785,47,0,Attock,2,Jowar
6,5,25,32,788,58,0,Attock,3,Jowar
6,5,25,29,778,78,1,Attock,1,Jowar
6,5,24,33,874,65,1,Attock,2,Jowar
6,5,23,33,679,64,1,Attock,3,Jowar
6,5,25,31,945,62,1,Attock,1,Jowar
6,5,24,32,1024,68,1,Attock,2,Jowar
6,5,25,32,1124,57,1,Attock,3,Jowar
6,5,25,29,684,75,1,Attock,1,Jowar
6,5,24,33,875,65,1,Attock,2,Jowar
6,5,23,33,945,64,1,Attock,3,Jowar
6,5,25,31,678,72,1,Attock,1,Jowar
6,5,24,32,768,68,1,Attock,2,Jowar
6,5,25,32,945,58,1,Attock,3,Jowar
6,5,25,29,1245,55,1,Attock,1,Jowar
6,5,24,33,648,65,1,Attock,2,Jowar
6,5,23,33,788,41,1,Attock,3,Jowar
6,5,25,31,801,62,1,Attock,1,Jowar
6,5,24,32,945,68,1,Attock,2,Jowar
6,5,25,32,1110,45,1,Attock,3,Jowar
6,5,25,29,1068,75,1,Attock,1,Jowar
6,5,24,33,945,65,1,Attock,2,Jowar
6,5,23,33,678,57,1,Attock,3,Jowar
6,5,25,31,801,72,1,Attock,1,Jowar
6,5,24,32,796,68,1,Attock,2,Jowar
6,5,25,32,648,58,1,Attock,3,Jowar
6,5,25,29,574,65,1,Attock,1,Jowar
6,5,24,33,1347,65,1,Attock,2,Jowar
6,5,23,33,1045,64,1,Attock,3,Jowar
6,5,25,31,946,55,1,Attock,1,Jowar
6,5,24,32,678,68,1,Attock,2,Jowar
6,5,25,32,724,72,1,Attock,3,Jowar
6,5,25,29,486,48,1,Attock,1,Jowar
6,5,24,33,675,65,1,Attock,2,Jowar
6,5,23,33,852,64,1,Attock,3,Jowar
6,5,25,31,798,72,1,Attock,1,Jowar
6,5,24,32,835,68,1,Attock,2,Jowar
6,5,25,32,915,58,1,Attock,3,Jowar
6,5,25,29,700,78,1,Attock,1,Jowar
6,5,24,33,1000,65,1,Attock,2,Jowar
6,5,23,33,914,64,1,Attock,3,Jowar
6,5,25,31,647,62,1,Attock,1,Jowar
6,5,24,32,796,68,1,Attock,2,Jowar
6,5,25,32,847,72,1,Attock,3,Jowar
6,5,25,29,914,57,1,Attock,1,Jowar
6,5,24,33,1045,65,1,Attock,2,Jowar
6,5,23,33,1145,64,1,Attock,3,Jowar
6,5,25,31,1000,72,1,Attock,1,Jowar
6,5,24,32,785,47,1,Attock,2,Jowar
6,5,25,32,788,58,1,Attock,3,Jowar
6,18,24,32,465,48,1,Attock,1,Sugarcane
6,18,25,31,675,56,1,Attock,2,Sugarcane
6,18,24,32,758,34,1,Attock,3,Sugarcane
6,18,23,34,345,25,1,Attock,1,Sugarcane
6,18,25,34,268,75,1,Attock,2,Sugarcane
6,18,24,32,945,48,1,Attock,3,Sugarcane
6,18,24,32,234,56,1,Attock,1,Sugarcane
6,18,25,31,945,55,1,Attock,2,Sugarcane
6,18,24,32,480,67,1,Attock,3,Sugarcane
6,18,23,34,614,74,1,Attock,1,Sugarcane
6,18,25,34,514,55,1,Attock,2,Sugarcane
6,18,24,32,742,44,1,Attock,3,Sugarcane
6,18,24,32,801,34,1,Attock,1,Sugarcane
6,18,25,31,315,23,1,Attock,2,Sugarcane
6,18,24,32,234,78,1,Attock,3,Sugarcane
6,18,23,34,195,43,1,Attock,1,Sugarcane
6,18,25,34,452,51,1,Attock,2,Sugarcane
6,18,24,32,684,29,1,Attock,3,Sugarcane
6,18,24,32,754,51,1,Attock,1,Sugarcane
6,18,25,31,501,49,1,Attock,2,Sugarcane
6,18,24,32,452,28,1,Attock,3,Sugarcane
6,18,23,34,625,34,1,Attock,1,Sugarcane
6,18,25,34,342,44,1,Attock,2,Sugarcane
6,18,24,32,578,78,1,Attock,3,Sugarcane
6,18,24,32,954,48,1,Attock,1,Sugarcane
6,18,25,31,234,54,1,Attock,2,Sugarcane
6,18,24,32,384,67,1,Attock,3,Sugarcane
6,18,23,34,507,84,1,Attock,1,Sugarcane
6,18,25,34,415,51,1,Attock,2,Sugarcane
6,18,24,32,315,34,1,Attock,3,Sugarcane
6,18,24,32,234,48,1,Attock,1,Sugarcane
6,18,25,31,756,65,1,Attock,2,Sugarcane
6,18,24,32,845,74,1,Attock,3,Sugarcane
6,18,23,34,564,43,1,Attock,1,Sugarcane
6,18,25,34,258,64,1,Attock,2,Sugarcane
6,18,24,32,452,57,1,Attock,3,Sugarcane
6,18,24,32,456,49,1,Attock,1,Sugarcane
6,18,25,31,657,51,1,Attock,2,Sugarcane
6,18,24,32,519,64,1,Attock,3,Sugarcane
6,18,23,34,647,43,1,Attock,1,Sugarcane
6,18,25,34,725,64,1,Attock,2,Sugarcane
6,18,24,32,490,74,1,Attock,3,Sugarcane
6,18,24,32,514,80,1,Attock,1,Sugarcane
6,18,25,31,325,45,1,Attock,2,Sugarcane
6,18,24,32,467,64,1,Attock,3,Sugarcane
6,18,23,34,547,34,1,Attock,1,Sugarcane
6,18,25,34,312,52,1,Attock,2,Sugarcane
6,18,24,32,145,61,1,Attock,3,Sugarcane
6,18,24,32,524,74,1,Attock,1,Sugarcane
6,18,25,31,325,50,1,Attock,2,Sugarcane
6,18,24,32,480,61,1,Attock,3,Sugarcane
6,18,23,34,512,71,1,Attock,1,Sugarcane
6,18,25,34,674,42,1,Attock,2,Sugarcane
6,18,24,32,845,31,1,Attock,3,Sugarcane
6,18,24,32,234,28,1,Attock,1,Sugarcane
6,18,25,31,158,67,1,Attock,2,Sugarcane
6,18,24,32,480,54,1,Attock,3,Sugarcane
6,18,23,34,452,32,1,Attock,1,Sugarcane
6,18,25,34,348,49,1,Attock,2,Sugarcane
6,18,24,32,470,68,1,Attock,3,Sugarcane
6,18,24,32,648,55,1,Attock,1,Sugarcane
6,18,25,31,721,50,1,Attock,2,Sugarcane
6,18,24,32,345,49,1,Attock,3,Sugarcane
6,18,23,34,657,29,1,Attock,1,Sugarcane
6,18,25,34,512,34,1,Attock,2,Sugarcane
6,18,24,32,470,55,1,Attock,3,Sugarcane
6,18,24,32,351,50,1,Attock,1,Sugarcane
6,18,25,31,312,49,1,Attock,2,Sugarcane
6,18,24,32,685,50,1,Attock,3,Sugarcane
6,18,23,34,724,67,1,Attock,1,Sugarcane
6,18,25,34,841,78,1,Attock,2,Sugarcane
6,18,24,32,325,34,1,Attock,3,Sugarcane
6,5,19,32,828,73,0,Multan,1,Jowar
6,5,24,27,567,72,0,Multan,2,Jowar
6,5,20,28,648,64,0,Multan,3,Jowar
6,5,18,30,748,84,0,Multan,1,Jowar
6,5,17,32,847,54,0,Multan,2,Jowar
6,5,24,29,947,56,0,Multan,3,Jowar
6,5,25,31,1000,90,0,Multan,1,Jowar
6,5,22,33,514,84,0,Multan,2,Jowar
6,5,22,34,432,76,0,Multan,3,Jowar
6,5,23,36,674,72,0,Multan,1,Jowar
6,5,24,37,724,81,0,Multan,2,Jowar
6,5,21,35,315,64,0,Multan,3,Jowar
6,5,19,33,471,51,0,Multan,1,Jowar
6,5,24,28,658,49,0,Multan,2,Jowar
6,5,20,29,715,54,0,Multan,3,Jowar
6,5,18,30,314,67,0,Multan,1,Jowar
6,5,17,31,625,84,0,Multan,2,Jowar
6,5,24,30,412,79,0,Multan,3,Jowar
6,5,25,29,754,73,0,Multan,1,Jowar
6,5,22,28,827,64,0,Multan,2,Jowar
6,5,22,27,945,75,0,Multan,3,Jowar
6,5,23,30,1024,91,0,Multan,1,Jowar
6,5,24,32,1115,73,0,Multan,2,Jowar
6,5,21,31,1345,82,0,Multan,3,Jowar
6,5,19,33,915,67,0,Multan,1,Jowar
6,5,24,28,847,57,0,Multan,2,Jowar
6,5,20,29,647,55,0,Multan,3,Jowar
6,5,18,26,754,72,0,Multan,1,Jowar
6,5,17,32,523,61,0,Multan,2,Jowar
6,5,24,30,684,81,0,Multan,3,Jowar
6,5,25,31,745,86,0,Multan,1,Jowar
6,5,22,31,982,72,0,Multan,2,Jowar
6,5,22,28,1024,61,0,Multan,3,Jowar
6,5,23,28,1145,53,0,Multan,1,Jowar
6,5,24,29,828,49,0,Multan,2,Jowar
6,5,21,35,835,74,0,Multan,3,Jowar
6,5,19,34,512,60,0,Multan,1,Jowar
6,5,24,27,679,74,0,Multan,2,Jowar
6,5,20,36,734,52,0,Multan,3,Jowar
6,5,18,30,945,59,0,Multan,1,Jowar
6,5,21,32,1045,60,0,Multan,2,Jowar
6,5,24,29,952,74,0,Multan,3,Jowar
6,5,25,34,890,80,0,Multan,1,Jowar
6,5,22,35,732,76,0,Multan,2,Jowar
6,5,22,29,1245,71,0,Multan,3,Jowar
6,5,23,28,1342,64,0,Multan,1,Jowar
6,5,24,28,1110,55,0,Multan,2,Jowar
6,5,20,35,828,67,0,Multan,3,Jowar
6,5,19,32,828,73,1,Multan,1,Jowar
6,5,24,27,567,72,1,Multan,2,Jowar
6,5,20,28,648,64,1,Multan,3,Jowar
6,5,18,30,748,84,1,Multan,1,Jowar
6,5,17,32,847,54,1,Multan,2,Jowar
6,5,24,29,947,56,1,Multan,3,Jowar
6,5,25,31,1000,90,1,Multan,1,Jowar
6,5,22,33,514,84,1,Multan,2,Jowar
6,5,22,34,432,76,1,Multan,3,Jowar
6,5,23,36,674,72,1,Multan,1,Jowar
6,5,24,37,724,81,1,Multan,2,Jowar
6,5,21,35,315,64,1,Multan,3,Jowar
6,5,19,33,471,51,1,Multan,1,Jowar
6,5,24,28,658,49,1,Multan,2,Jowar
6,5,20,29,715,54,1,Multan,3,Jowar
6,5,18,30,314,67,1,Multan,1,Jowar
6,5,17,31,625,84,1,Multan,2,Jowar
6,5,24,30,412,79,1,Multan,3,Jowar
6,5,25,29,754,73,1,Multan,1,Jowar
6,5,22,28,827,64,1,Multan,2,Jowar
6,5,22,27,945,75,1,Multan,3,Jowar
6,5,23,30,1024,91,1,Multan,1,Jowar
6,5,24,32,1115,73,1,Multan,2,Jowar
6,5,21,31,1345,82,1,Multan,3,Jowar
6,5,19,33,915,67,1,Multan,1,Jowar
6,5,24,28,847,57,1,Multan,2,Jowar
6,5,20,29,647,55,1,Multan,3,Jowar
6,5,18,26,754,72,1,Multan,1,Jowar
6,5,17,32,523,61,1,Multan,2,Jowar
6,5,24,30,684,81,1,Multan,3,Jowar
6,5,25,31,745,86,1,Multan,1,Jowar
6,5,22,31,982,72,1,Multan,2,Jowar
6,5,22,28,1024,61,1,Multan,3,Jowar
6,5,23,28,1145,53,1,Multan,1,Jowar
6,5,24,29,828,49,1,Multan,2,Jowar
6,5,21,35,835,74,1,Multan,3,Jowar
6,5,19,34,512,60,1,Multan,1,Jowar
6,5,24,27,679,74,1,Multan,2,Jowar
6,5,20,36,734,52,1,Multan,3,Jowar
6,5,18,30,945,59,1,Multan,1,Jowar
6,5,21,32,1045,60,1,Multan,2,Jowar
6,5,24,29,952,74,1,Multan,3,Jowar
6,5,25,34,890,80,1,Multan,1,Jowar
6,5,22,35,732,76,1,Multan,2,Jowar
6,5,22,29,1245,71,1,Multan,3,Jowar
6,5,23,28,1342,64,1,Multan,1,Jowar
6,5,24,28,1110,55,1,Multan,2,Jowar
6,5,20,35,828,67,1,Multan,3,Jowar
10,8,21,26,57,42,1,Multan,1,Wheat
10,8,19,24,64,35,1,Multan,1,Wheat
10,8,20,28,86,41,1,Multan,3,Wheat
10,8,18,30,73,46,1,Multan,3,Wheat
10,8,17,34,45,37,1,Multan,3,Wheat
10,8,20,29,34,50,1,Multan,1,Wheat
10,8,22,31,57,42,1,Multan,1,Wheat
10,8,21,30,61,39,1,Multan,1,Wheat
10,8,19,29,73,50,1,Multan,3,Wheat
10,8,18,27,86,47,1,Multan,3,Wheat
10,8,17,32,94,57,1,Multan,3,Wheat
10,8,16,33,56,31,1,Multan,1,Wheat
10,8,18,30,72,48,1,Multan,1,Wheat
10,8,15,31,85,58,1,Multan,3,Wheat
10,8,21,27,81,51,1,Multan,3,Wheat
10,8,20,36,46,38,1,Multan,3,Wheat
10,8,19,39,35,38,1,Multan,1,Wheat
10,8,21,35,39,41,1,Multan,1,Wheat
10,8,19,30,46,41,1,Multan,1,Wheat
10,8,20,31,49,61,1,Multan,3,Wheat
10,8,18,29,57,46,1,Multan,3,Wheat
10,8,19,30,84,58,1,Multan,3,Wheat
10,8,18,29,67,55,1,Multan,1,Wheat
10,8,21,26,77,57,1,Multan,1,Wheat
10,8,19,24,94,35,1,Multan,3,Wheat
10,8,20,28,100,41,1,Multan,3,Wheat
10,8,18,30,73,46,1,Multan,3,Wheat
10,8,17,34,46,37,1,Multan,1,Wheat
10,8,20,29,49,50,1,Multan,1,Wheat
10,8,22,31,59,42,1,Multan,3,Wheat
10,8,21,30,68,39,1,Multan,3,Wheat
10,8,19,29,77,50,1,Multan,3,Wheat
10,8,18,27,86,47,1,Multan,1,Wheat
10,8,17,32,94,42,1,Multan,1,Wheat
10,8,16,33,56,31,1,Multan,1,Wheat
10,8,18,30,72,48,1,Multan,3,Wheat
10,8,15,31,85,33,1,Multan,3,Wheat
10,8,21,27,64,51,1,Multan,3,Wheat
10,8,20,36,71,67,1,Multan,1,Wheat
10,8,19,39,49,38,1,Multan,1,Wheat
10,8,21,35,84,41,1,Multan,3,Wheat
10,8,19,30,95,41,1,Multan,3,Wheat
10,8,20,31,100,36,1,Multan,3,Wheat
10,8,18,29,64,46,1,Multan,1,Wheat
10,8,19,30,86,58,1,Multan,1,Wheat
10,8,18,29,67,55,1,Multan,1,Wheat
10,8,21,26,57,59,1,Multan,3,Wheat
10,8,19,24,87,35,1,Multan,3,Wheat
10,8,20,28,48,41,1,Multan,3,Wheat
10,8,18,30,64,46,1,Multan,1,Wheat
10,8,17,34,76,67,1,Multan,1,Wheat
10,8,20,29,87,50,1,Multan,3,Wheat
10,8,22,31,93,42,1,Multan,3,Wheat
10,8,21,30,101,39,1,Multan,3,Wheat
10,8,19,29,73,50,1,Multan,1,Wheat
10,8,18,27,86,47,1,Multan,1,Wheat
10,8,17,32,94,42,1,Multan,3,Wheat
10,8,16,33,56,31,1,Multan,3,Wheat
10,8,18,30,72,48,1,Multan,3,Wheat
10,8,15,31,85,33,1,Multan,1,Wheat
10,8,21,27,64,59,1,Multan,1,Wheat
10,8,20,36,51,38,1,Multan,1,Wheat
10,8,19,39,49,38,1,Multan,3,Wheat
10,8,21,35,67,41,1,Multan,3,Wheat
10,8,19,30,88,41,1,Multan,3,Wheat
10,8,20,31,73,36,1,Multan,1,Wheat
10,8,18,29,88,46,1,Multan,1,Wheat
10,8,19,30,91,58,1,Multan,3,Wheat
10,8,18,29,104,55,1,Multan,3,Wheat
7,9,19,31,312,53,1,Multan,2,Bajra
7,9,20,30,110,49,1,Multan,2,Bajra
7,9,21,30,412,31,1,Multan,2,Bajra
7,9,19,29,512,64,1,Multan,2,Bajra
7,9,18,31,390,72,1,Multan,2,Bajra
7,9,21,30,420,38,1,Multan,2,Bajra
7,9,22,29,214,43,1,Multan,2,Bajra
7,9,18,30,672,56,1,Multan,2,Bajra
7,9,19,31,286,23,1,Multan,2,Bajra
7,9,17,30,190,37,1,Multan,2,Bajra
7,9,21,31,316,53,1,Multan,2,Bajra
7,9,20,30,497,42,1,Multan,2,Bajra
7,9,17,30,562,61,1,Multan,2,Bajra
7,9,19,29,346,72,1,Multan,2,Bajra
7,9,16,31,400,34,1,Multan,2,Bajra
7,9,24,29,168,47,1,Multan,2,Bajra
7,9,25,30,265,50,1,Multan,2,Bajra
7,9,19,28,317,64,1,Multan,2,Bajra
7,9,20,30,250,77,1,Multan,2,Bajra
7,9,21,30,268,55,1,Multan,2,Bajra
7,9,19,29,503,50,1,Multan,2,Bajra
7,9,18,31,390,43,1,Multan,2,Bajra
7,9,21,30,420,38,1,Multan,2,Bajra
7,9,22,29,684,50,1,Multan,2,Bajra
7,9,18,30,134,48,1,Multan,2,Bajra
7,9,19,29,286,61,1,Multan,2,Bajra
7,9,17,30,320,72,1,Multan,2,Bajra
7,9,21,31,245,32,1,Multan,2,Bajra
7,9,20,30,429,29,1,Multan,2,Bajra
7,9,17,34,516,46,1,Multan,2,Bajra
7,9,19,29,345,51,1,Multan,2,Bajra
7,9,16,31,400,68,1,Multan,2,Bajra
7,9,24,34,295,77,1,Multan,2,Bajra
7,9,22,30,365,54,1,Multan,2,Bajra
7,9,19,31,110,62,1,Multan,2,Bajra
7,9,20,34,250,34,1,Multan,2,Bajra
7,9,21,28,318,67,1,Multan,2,Bajra
7,9,19,29,468,59,1,Multan,2,Bajra
7,9,18,31,587,41,1,Multan,2,Bajra
7,9,21,32,137,32,1,Multan,2,Bajra
7,9,22,33,270,67,1,Multan,2,Bajra
7,9,18,34,342,56,1,Multan,2,Bajra
7,9,19,31,437,38,1,Multan,2,Bajra
7,9,17,30,500,48,1,Multan,2,Bajra
7,9,21,31,268,53,1,Multan,2,Bajra
7,9,20,30,316,62,1,Multan,2,Bajra
7,9,17,29,401,77,1,Multan,2,Bajra
7,9,19,35,567,55,1,Multan,2,Bajra
7,9,16,31,109,42,1,Multan,2,Bajra
7,9,21,29,295,38,1,Multan,2,Bajra
7,9,19,30,319,54,1,Multan,2,Bajra
6,18,19,32,512,46,1,Peshawar,1,Sugarcane
6,18,20,30,527,37,1,Peshawar,2,Sugarcane
6,18,23,32,648,57,1,Peshawar,3,Sugarcane
6,18,21,33,786,62,1,Peshawar,1,Sugarcane
6,18,18,29,467,71,1,Peshawar,2,Sugarcane
6,18,17,30,865,49,1,Peshawar,3,Sugarcane
6,18,19,33,318,56,1,Peshawar,1,Sugarcane
6,18,19,31,529,74,1,Peshawar,2,Sugarcane
6,18,21,32,678,68,1,Peshawar,3,Sugarcane
6,18,20,32,764,42,1,Peshawar,1,Sugarcane
6,18,20,30,468,51,1,Peshawar,2,Sugarcane
6,18,22,33,527,67,1,Peshawar,2,Sugarcane
6,18,23,34,438,84,1,Peshawar,3,Sugarcane
6,18,24,32,315,39,1,Peshawar,1,Sugarcane
6,18,21,30,527,46,1,Peshawar,2,Sugarcane
6,18,18,31,648,59,1,Peshawar,3,Sugarcane
6,18,17,30,786,67,1,Peshawar,1,Sugarcane
6,18,19,34,511,71,1,Peshawar,2,Sugarcane
6,18,19,29,312,80,1,Peshawar,3,Sugarcane
6,18,18,28,451,56,1,Peshawar,1,Sugarcane
6,18,24,30,529,37,1,Peshawar,2,Sugarcane
6,18,23,31,678,46,1,Peshawar,3,Sugarcane
6,18,24,34,764,58,1,Peshawar,1,Sugarcane
6,18,21,35,468,37,1,Peshawar,2,Sugarcane
6,18,25,30,527,59,1,Peshawar,3,Sugarcane
6,18,18,28,314,68,1,Peshawar,1,Sugarcane
6,18,19,29,421,79,1,Peshawar,2,Sugarcane
6,18,19,30,527,64,1,Peshawar,3,Sugarcane
6,18,18,32,648,51,1,Peshawar,1,Sugarcane
6,18,17,33,786,46,1,Peshawar,2,Sugarcane
6,18,24,31,511,39,1,Peshawar,3,Sugarcane
6,18,21,32,865,56,1,Peshawar,1,Sugarcane
6,18,23,34,618,56,1,Peshawar,2,Sugarcane
6,18,21,35,617,74,1,Peshawar,3,Sugarcane
6,18,20,29,764,68,1,Peshawar,1,Sugarcane
6,18,20,38,845,58,1,Peshawar,2,Sugarcane
6,18,19,30,527,47,1,Peshawar,2,Sugarcane
6,18,18,30,619,51,1,Peshawar,3,Sugarcane
6,18,19,34,734,53,1,Peshawar,1,Sugarcane
6,18,20,31,384,34,1,Peshawar,2,Sugarcane
6,18,24,32,467,41,1,Peshawar,3,Sugarcane
6,18,21,32,648,57,1,Peshawar,1,Sugarcane
6,18,20,34,786,62,1,Peshawar,2,Sugarcane
6,18,22,35,511,71,1,Peshawar,3,Sugarcane
6,18,23,32,365,49,1,Peshawar,1,Sugarcane
6,18,24,31,475,56,1,Peshawar,2,Sugarcane
6,18,22,34,529,64,1,Peshawar,3,Sugarcane
6,18,18,29,678,59,1,Peshawar,1,Sugarcane
6,18,17,28,527,84,1,Peshawar,2,Sugarcane
6,18,19,30,468,37,1,Peshawar,3,Sugarcane
6,18,20,31,674,64,1,Peshawar,1,Sugarcane
6,18,24,32,438,43,1,Peshawar,2,Sugarcane
5,9,23,32,529,47,0,Peshawar,2,Cotton
5,9,22,31,467,57,0,Peshawar,3,Cotton
5,9,19,31,318,67,0,Peshawar,2,Cotton
5,9,24,33,515,64,0,Peshawar,3,Cotton
5,9,25,34,487,29,0,Peshawar,2,Cotton
5,9,23,31,681,28,0,Peshawar,3,Cotton
5,9,21,31,429,34,0,Peshawar,2,Cotton
5,9,22,32,348,47,0,Peshawar,3,Cotton
5,9,20,34,654,51,0,Peshawar,2,Cotton
5,9,19,33,498,67,0,Peshawar,3,Cotton
5,9,23,30,754,77,0,Peshawar,2,Cotton
5,9,22,35,648,69,0,Peshawar,3,Cotton
5,9,24,36,354,55,0,Peshawar,2,Cotton
5,9,25,34,514,62,0,Peshawar,3,Cotton
5,9,23,35,486,38,0,Peshawar,2,Cotton
5,9,22,34,346,29,0,Peshawar,3,Cotton
5,9,24,33,765,37,0,Peshawar,2,Cotton
5,9,22,32,845,26,0,Peshawar,3,Cotton
5,9,23,36,675,44,0,Peshawar,2,Cotton
5,9,24,31,529,37,0,Peshawar,3,Cotton
5,9,23,30,467,74,0,Peshawar,2,Cotton
5,9,24,34,529,43,0,Peshawar,3,Cotton
5,9,24,31,634,56,0,Peshawar,2,Cotton
5,9,26,32,721,69,0,Peshawar,3,Cotton
5,9,24,30,462,55,0,Peshawar,2,Cotton
5,9,24,33,385,43,0,Peshawar,2,Cotton
5,9,25,34,470,32,0,Peshawar,3,Cotton
5,9,23,35,515,52,0,Peshawar,2,Cotton
5,9,21,36,624,68,0,Peshawar,3,Cotton
5,9,22,31,764,74,0,Peshawar,2,Cotton
5,9,24,32,346,72,0,Peshawar,3,Cotton
5,9,25,33,497,69,0,Peshawar,2,Cotton
5,9,26,30,513,59,0,Peshawar,3,Cotton
5,9,24,36,628,47,0,Peshawar,2,Cotton
5,9,23,34,764,51,0,Peshawar,3,Cotton
5,9,24,32,324,43,0,Peshawar,2,Cotton
5,9,125,33,467,47,0,Peshawar,3,Cotton
5,9,24,34,529,51,0,Peshawar,2,Cotton
5,9,23,35,619,67,0,Peshawar,3,Cotton
5,9,24,32,765,73,0,Peshawar,2,Cotton
5,9,24,34,876,48,0,Peshawar,3,Cotton
5,9,23,31,570,39,0,Peshawar,2,Cotton
5,9,22,33,650,53,0,Peshawar,3,Cotton
5,9,26,31,529,48,0,Peshawar,2,Cotton
5,9,23,32,614,39,0,Peshawar,3,Cotton
5,9,24,34,529,34,0,Peshawar,2,Cotton
5,9,22,35,467,57,0,Peshawar,3,Cotton
5,9,23,33,745,49,0,Peshawar,2,Cotton
5,9,23,32,529,47,1,Peshawar,3,Cotton
5,9,22,31,467,57,1,Peshawar,2,Cotton
5,9,19,31,318,67,1,Peshawar,2,Cotton
5,9,24,33,515,64,1,Peshawar,3,Cotton
5,9,25,34,487,29,1,Peshawar,2,Cotton
5,9,23,31,681,28,1,Peshawar,3,Cotton
5,9,21,31,429,34,1,Peshawar,2,Cotton
5,9,22,32,348,47,1,Peshawar,3,Cotton
5,9,20,34,654,51,1,Peshawar,2,Cotton
5,9,19,33,498,67,1,Peshawar,3,Cotton
5,9,23,30,754,77,1,Peshawar,2,Cotton
5,9,22,35,648,69,1,Peshawar,3,Cotton
5,9,24,36,354,55,1,Peshawar,2,Cotton
5,9,25,34,514,62,1,Peshawar,3,Cotton
5,9,23,35,486,38,1,Peshawar,2,Cotton
5,9,22,34,346,29,1,Peshawar,3,Cotton
5,9,24,33,765,37,1,Peshawar,2,Cotton
5,9,22,32,845,26,1,Peshawar,3,Cotton
5,9,23,36,675,44,1,Peshawar,2,Cotton
5,9,24,31,529,37,1,Peshawar,3,Cotton
5,9,23,30,467,74,1,Peshawar,2,Cotton
5,9,24,34,529,43,1,Peshawar,3,Cotton
5,9,24,31,634,56,1,Peshawar,2,Cotton
5,9,26,32,721,69,1,Peshawar,3,Cotton
5,9,24,30,462,55,1,Peshawar,2,Cotton
5,9,24,33,385,43,1,Peshawar,3,Cotton
5,9,25,34,470,32,1,Peshawar,2,Cotton
5,9,23,35,515,52,1,Peshawar,2,Cotton
5,9,21,36,624,68,1,Peshawar,3,Cotton
5,9,22,31,764,74,1,Peshawar,2,Cotton
5,9,24,32,346,72,1,Peshawar,3,Cotton
5,9,25,33,497,69,1,Peshawar,2,Cotton
5,9,26,30,513,59,1,Peshawar,3,Cotton
5,9,24,36,628,47,1,Peshawar,2,Cotton
5,9,23,34,764,51,1,Peshawar,3,Cotton
5,9,24,32,324,43,1,Peshawar,2,Cotton
5,9,125,33,467,47,1,Peshawar,3,Cotton
5,9,24,34,529,51,1,Peshawar,2,Cotton
5,9,23,35,619,67,1,Peshawar,3,Cotton
5,9,24,32,765,73,1,Peshawar,2,Cotton
5,9,24,34,876,48,1,Peshawar,3,Cotton
5,9,23,31,570,39,1,Peshawar,2,Cotton
5,9,22,33,650,53,1,Peshawar,3,Cotton
5,9,26,31,529,48,1,Peshawar,2,Cotton
5,9,23,32,614,39,1,Peshawar,3,Cotton
5,9,24,34,529,34,1,Peshawar,2,Cotton
5,9,22,35,467,57,1,Peshawar,3,Cotton
5,9,23,33,745,49,1,Peshawar,2,Cotton
6,5,24,32,938,60,0,Peshawar,3,Jowar
6,5,22,31,986,58,0,Peshawar,2,Jowar
6,5,21,33,859,77,0,Peshawar,3,Jowar
6,5,19,34,675,49,0,Peshawar,2,Jowar
6,5,20,35,770,84,0,Peshawar,1,Jowar
6,5,24,29,967,67,0,Peshawar,2,Jowar
6,5,24,32,1054,57,0,Peshawar,3,Jowar
6,5,21,30,1124,77,0,Peshawar,1,Jowar
6,5,23,31,1200,47,0,Peshawar,2,Jowar
6,5,25,33,674,57,0,Peshawar,3,Jowar
6,5,25,34,958,81,0,Peshawar,1,Jowar
6,5,26,32,830,67,0,Peshawar,2,Jowar
6,5,22,33,786,63,0,Peshawar,3,Jowar
6,5,23,34,698,75,0,Peshawar,1,Jowar
6,5,24,29,1245,54,0,Peshawar,2,Jowar
6,5,22,30,1004,49,0,Peshawar,3,Jowar
6,5,24,31,1137,68,0,Peshawar,1,Jowar
6,5,22,32,988,54,0,Peshawar,2,Jowar
6,5,25,30,875,77,0,Peshawar,3,Jowar
6,5,24,29,768,48,0,Peshawar,1,Jowar
6,5,22,29,679,67,0,Peshawar,2,Jowar
6,5,26,34,901,61,0,Peshawar,3,Jowar
6,5,24,32,198,80,0,Peshawar,1,Jowar
6,5,25,33,1167,57,0,Peshawar,2,Jowar
6,5,26,35,1204,49,0,Peshawar,3,Jowar
6,5,23,34,550,60,0,Peshawar,1,Jowar
6,5,22,33,746,73,0,Peshawar,2,Jowar
6,5,24,29,638,81,0,Peshawar,3,Jowar
6,5,22,29,880,62,0,Peshawar,1,Jowar
6,5,23,30,930,51,0,Peshawar,2,Jowar
6,5,24,31,1045,48,0,Peshawar,3,Jowar
6,5,25,29,1138,75,0,Peshawar,1,Jowar
6,5,26,33,1247,63,0,Peshawar,2,Jowar
6,5,25,35,801,52,0,Peshawar,3,Jowar
6,5,24,32,938,60,0,Peshawar,1,Jowar
6,5,24,32,945,74,0,Peshawar,2,Jowar
6,5,24,32,938,60,1,Peshawar,3,Jowar
6,5,22,31,986,58,1,Peshawar,1,Jowar
6,5,21,33,859,77,1,Peshawar,2,Jowar
6,5,19,34,675,49,1,Peshawar,3,Jowar
6,5,20,35,770,84,1,Peshawar,1,Jowar
6,5,24,29,967,67,1,Peshawar,2,Jowar
6,5,24,32,1054,57,1,Peshawar,3,Jowar
6,5,21,30,1124,77,1,Peshawar,1,Jowar
6,5,23,31,1200,47,1,Peshawar,2,Jowar
6,5,25,33,674,57,1,Peshawar,3,Jowar
6,5,25,34,958,81,1,Peshawar,1,Jowar
6,5,26,32,830,67,1,Peshawar,2,Jowar
6,5,22,33,786,63,1,Peshawar,3,Jowar
6,5,23,34,698,75,1,Peshawar,1,Jowar
6,5,24,29,1245,54,1,Peshawar,2,Jowar
6,5,22,30,1004,49,1,Peshawar,3,Jowar
6,5,24,31,1137,68,1,Peshawar,1,Jowar
6,5,22,32,988,54,1,Peshawar,2,Jowar
6,5,25,30,875,77,1,Peshawar,3,Jowar
6,5,24,29,768,48,1,Peshawar,1,Jowar
6,5,22,29,679,67,1,Peshawar,2,Jowar
6,5,26,34,901,61,1,Peshawar,3,Jowar
6,5,24,32,198,80,1,Peshawar,1,Jowar
6,5,25,33,1167,57,1,Peshawar,2,Jowar
6,5,26,35,1204,49,1,Peshawar,3,Jowar
6,5,23,34,550,60,1,Peshawar,1,Jowar
6,5,22,33,746,73,1,Peshawar,2,Jowar
6,5,24,29,638,81,1,Peshawar,3,Jowar
6,5,22,29,880,62,1,Peshawar,1,Jowar
6,5,23,30,930,51,1,Peshawar,2,Jowar
6,5,24,31,1045,48,1,Peshawar,3,Jowar
6,5,25,29,1138,75,1,Peshawar,1,Jowar
6,5,26,33,1247,63,1,Peshawar,2,Jowar
6,5,25,35,801,52,1,Peshawar,3,Jowar
6,5,24,32,938,60,1,Peshawar,1,Jowar
6,5,24,32,945,74,1,Peshawar,2,Jowar
6,4,26,33,115,62,1,Faisalabad,2,Soyabean
6,4,25,34,95,57,1,Faisalabad,2,Soyabean
6,4,24,35,84,48,1,Faisalabad,2,Soyabean
6,4,25,32,104,59,1,Faisalabad,2,Soyabean
6,4,26,33,124,62,1,Faisalabad,2,Soyabean
6,4,27,31,131,77,1,Faisalabad,2,Soyabean
6,4,26,33,79,80,1,Faisalabad,2,Soyabean
6,4,28,35,84,49,1,Faisalabad,2,Soyabean
6,4,27,34,93,57,1,Faisalabad,2,Soyabean
6,4,25,33,107,61,1,Faisalabad,2,Soyabean
6,4,26,35,113,70,1,Faisalabad,2,Soyabean
6,4,24,30,127,81,1,Faisalabad,2,Soyabean
6,4,26,31,131,64,1,Faisalabad,2,Soyabean
6,4,24,32,65,78,1,Faisalabad,2,Soyabean
6,4,25,33,77,56,1,Faisalabad,2,Soyabean
6,4,26,34,88,49,1,Faisalabad,2,Soyabean
6,4,26,34,91,79,1,Faisalabad,2,Soyabean
6,4,27,35,105,80,1,Faisalabad,2,Soyabean
6,4,28,36,111,66,1,Faisalabad,2,Soyabean
6,4,27,33,124,55,1,Faisalabad,2,Soyabean
6,4,26,32,137,45,1,Faisalabad,2,Soyabean
6,4,25,33,141,74,1,Faisalabad,2,Soyabean
6,4,26,34,154,68,1,Faisalabad,2,Soyabean
6,4,27,35,73,77,1,Faisalabad,2,Soyabean
6,4,28,32,82,66,1,Faisalabad,2,Soyabean
6,4,25,34,94,55,1,Faisalabad,2,Soyabean
6,4,26,37,108,49,1,Faisalabad,2,Soyabean
6,4,26,33,113,51,1,Faisalabad,2,Soyabean
6,4,27,29,125,61,1,Faisalabad,2,Soyabean
6,4,22,28,138,67,1,Faisalabad,2,Soyabean
6,4,26,31,147,73,1,Faisalabad,2,Soyabean
6,4,27,33,84,68,1,Faisalabad,2,Soyabean
6,4,24,32,94,81,1,Faisalabad,2,Soyabean
6,4,25,31,114,66,1,Faisalabad,2,Soyabean
6,4,27,33,119,71,1,Faisalabad,2,Soyabean
6,4,24,29,124,64,1,Faisalabad,2,Soyabean
6,4,26,32,109,57,1,Faisalabad,2,Soyabean
6,4,25,34,137,49,1,Faisalabad,2,Soyabean
6,4,26,31,114,62,1,Faisalabad,2,Soyabean
6,4,22,30,94,68,1,Faisalabad,2,Soyabean
6,4,26,36,115,73,1,Faisalabad,2,Soyabean
6,4,22,31,87,55,1,Faisalabad,2,Soyabean
6,4,25,32,134,62,1,Faisalabad,2,Soyabean
6,4,28,37,127,69,1,Faisalabad,2,Soyabean
6,4,25,34,117,72,1,Faisalabad,2,Soyabean
6,4,26,33,134,77,1,Faisalabad,2,Soyabean
6,4,21,29,87,57,1,Faisalabad,2,Soyabean
6,4,24,33,115,62,1,Faisalabad,2,Soyabean
6,4,23,32,984,66,0,Attock,2,Soyabean
6,4,25,37,864,65,0,Attock,2,Soyabean
6,4,24,34,1200,65,0,Attock,2,Soyabean
6,4,25,33,1400,66,0,Attock,2,Soyabean
6,4,24,29,698,68,0,Attock,2,Soyabean
6,4,24,28,1100,67,0,Attock,2,Soyabean
6,4,26,31,1056,67,0,Attock,2,Soyabean
6,4,25,33,964,78,0,Attock,2,Soyabean
6,4,26,32,1045,85,0,Attock,2,Soyabean
6,4,25,31,1400,65,0,Attock,2,Soyabean
6,4,26,33,698,54,0,Attock,2,Soyabean
6,4,24,29,1100,77,0,Attock,2,Soyabean
6,4,24,32,866,64,0,Attock,2,Soyabean
6,4,25,34,945,78,0,Attock,2,Soyabean
6,4,23,31,1200,56,0,Attock,2,Soyabean
6,4,22,30,1055,64,0,Attock,2,Soyabean
6,4,25,36,999,79,0,Attock,2,Soyabean
6,4,22,31,1006,80,0,Attock,2,Soyabean
6,4,24,32,999,66,0,Attock,2,Soyabean
6,4,22,33,875,54,0,Attock,2,Soyabean
6,4,26,37,955,49,0,Attock,2,Soyabean
6,4,25,34,1054,74,0,Attock,2,Soyabean
6,4,26,29,1099,81,0,Attock,2,Soyabean
6,4,24,31,865,67,0,Attock,2,Soyabean
6,4,25,30,999,52,0,Attock,2,Soyabean
6,4,27,34,864,48,0,Attock,2,Soyabean
6,4,26,35,1200,71,0,Attock,2,Soyabean
6,4,25,36,1400,80,0,Attock,2,Soyabean
6,4,24,33,698,63,0,Attock,2,Soyabean
6,4,23,31,774,58,0,Attock,2,Soyabean
6,4,24,30,1056,47,0,Attock,2,Soyabean
6,4,23,29,857,61,0,Attock,2,Soyabean
6,4,22,28,1045,77,0,Attock,2,Soyabean
6,4,24,31,1207,80,0,Attock,2,Soyabean
6,4,26,32,698,54,0,Attock,2,Soyabean
6,4,24,32,786,77,0,Attock,2,Soyabean
6,4,25,34,866,64,0,Attock,2,Soyabean
6,4,27,33,945,49,0,Attock,2,Soyabean
6,4,25,30,1075,81,0,Attock,2,Soyabean
6,4,23,32,1137,66,0,Attock,2,Soyabean
6,4,27,35,1245,74,0,Attock,2,Soyabean
6,4,26,34,957,80,0,Attock,2,Soyabean
6,4,24,32,888,66,0,Attock,2,Soyabean
6,4,25,31,774,75,0,Attock,2,Soyabean
6,4,23,30,1065,71,0,Attock,2,Soyabean
6,4,24,29,1179,66,0,Attock,2,Soyabean
6,4,22,28,1245,57,0,Attock,2,Soyabean
6,4,25,32,999,66,0,Attock,2,Soyabean
6,4,23,32,984,66,1,Attock,2,Soyabean
6,4,25,37,864,65,1,Attock,2,Soyabean
6,4,24,34,1200,65,1,Attock,2,Soyabean
6,4,25,33,1400,66,1,Attock,2,Soyabean
6,4,24,29,698,68,1,Attock,2,Soyabean
6,4,24,28,1100,67,1,Attock,2,Soyabean
6,4,26,31,1056,67,1,Attock,2,Soyabean
6,4,25,33,964,78,1,Attock,2,Soyabean
6,4,26,32,1045,85,1,Attock,2,Soyabean
6,4,25,31,1400,65,1,Attock,2,Soyabean
6,4,26,33,698,54,1,Attock,2,Soyabean
6,4,24,29,1100,77,1,Attock,2,Soyabean
6,4,24,32,866,64,1,Attock,2,Soyabean
6,4,25,34,945,78,1,Attock,2,Soyabean
6,4,23,31,1200,56,1,Attock,2,Soyabean
6,4,22,30,1055,64,1,Attock,2,Soyabean
6,4,25,36,999,79,1,Attock,2,Soyabean
6,4,22,31,1006,80,1,Attock,2,Soyabean
6,4,24,32,999,66,1,Attock,2,Soyabean
6,4,22,33,875,54,1,Attock,2,Soyabean
6,4,26,37,955,49,1,Attock,2,Soyabean
6,4,25,34,1054,74,1,Attock,2,Soyabean
6,4,26,29,1099,81,1,Attock,2,Soyabean
6,4,24,31,865,67,1,Attock,2,Soyabean
6,4,25,30,999,52,1,Attock,2,Soyabean
6,4,27,34,864,48,1,Attock,2,Soyabean
6,4,26,35,1200,71,1,Attock,2,Soyabean
6,4,25,36,1400,80,1,Attock,2,Soyabean
6,4,24,33,698,63,1,Attock,2,Soyabean
6,4,23,31,774,58,1,Attock,2,Soyabean
6,4,24,30,1056,47,1,Attock,2,Soyabean
6,4,23,29,857,61,1,Attock,2,Soyabean
6,4,22,28,1045,77,1,Attock,2,Soyabean
6,4,24,31,1207,80,1,Attock,2,Soyabean
6,4,26,32,698,54,1,Attock,2,Soyabean
6,4,24,32,786,77,1,Attock,2,Soyabean
6,4,25,34,866,64,1,Attock,2,Soyabean
6,4,27,33,945,49,1,Attock,2,Soyabean
6,4,25,30,1075,81,1,Attock,2,Soyabean
6,4,23,32,1137,66,1,Attock,2,Soyabean
6,4,27,35,1245,74,1,Attock,2,Soyabean
6,4,26,34,957,80,1,Attock,2,Soyabean
6,4,24,32,888,66,1,Attock,2,Soyabean
6,4,25,31,774,75,1,Attock,2,Soyabean
6,4,23,30,1065,71,1,Attock,2,Soyabean
6,4,24,29,1179,66,1,Attock,2,Soyabean
6,4,22,28,1245,57,1,Attock,2,Soyabean
6,4,25,32,999,66,1,Attock,2,Soyabean
